第一次学会如何避孕|data/010第一次学会如何避孕|0|0|1357705135|1357705135|16
科学避孕，方法多多|data/011科学避孕，方法多多|0|0|1346749072|1346749072|16
女性须知的一些避孕常识|data/013女性须知的一些避孕常识|0|0|1346749072|1346749072|16
紧急避孕须注意七件事|data/014紧急避孕须注意七件事|0|0|1346749072|1346749072|16
十一种错误的避孕观念|data/015十一种错误的避孕观念|0|0|1357880754|1357880754|16
四种最容易失败的避孕方法|data/015四种最容易失败的避孕方法|0|0|1357880772|1357880772|16
一名妇科医生的避孕经验|data/016一名妇科医生的避孕经验|0|0|1346749072|1346749072|16
五花八门的避孕方法哪种最安全?|data/017五花八门的避孕方法哪种最安全?|0|0|1346749072|1346749072|16
男性常用的避孕方法有哪些?|data/018男性常用的避孕方法有哪些?|0|0|1346749072|1346749072|16
女人最喜欢用什么方法避孕?|data/019女人最喜欢用什么方法避孕?|0|0|1346749072|1346749072|16
不影响感受的避孕技巧|data/020不影响感受的避孕技巧|0|0|1358212651|1358212651|16
什么样的体位最不容易受孕?|data/021什么样的体位最不容易受孕?|0|0|1358213225|1358213225|16
未婚女性最佳避孕方式全攻略|data/023未婚女性最佳避孕方式全攻略|0|0|1346749072|1346749072|16
孕期爱爱指南|data/024孕期爱爱指南|0|0|1357705213|1357705213|16
初为人母13类避孕方法各不同|data/025初为人母13类避孕方法各不同|0|0|1346749072|1346749072|16
避孕后发生怀孕怎么办?|data/026避孕后发生怀孕怎么办?|0|0|1346749072|1346749072|16
具有避孕效果的几种食物|data/027具有避孕效果的几种食物|0|0|1346749072|1346749072|16
教你推算安全期和排卵期|data/010教你推算安全期和排卵期|0|0|1346749072|1346749072|17
女性生理安全期该怎么计算?|data/011女性生理安全期该怎么计算?|0|0|1346749072|1346749072|17
女性绝对的安全期是哪几天？|data/012女性绝对的安全期是哪几天？|0|0|1346749072|1346749072|17
每个女人的安全期都不同|data/013每个女人的安全期都不同|0|0|1346749072|1346749072|17
女性，安全期及避孕、受孕全攻略|data/014女性，安全期及避孕、受孕全攻略|0|0|1346749072|1346749072|17
不宜选用“安全期避孕”的女人|data/015不宜选用“安全期避孕”的女人|0|0|1346749072|1346749072|17
安全套知识你了解多少?|data/010安全套知识你了解多少?|0|0|1346749072|1346749072|18
保险套绝对安全吗?|data/011保险套绝对安全吗?|0|0|1357716494|1357716494|18
避孕套要怎么选怎么用才最安全?|data/012避孕套要怎么选怎么用才最安全?|0|0|1346749072|1346749072|18
如何选购合适的避孕套?|data/013如何选购合适的避孕套?|0|0|1346749072|1346749072|18
避孕套功效与薄厚程度有关|data/014避孕套功效与薄厚程度有关|0|0|1346749072|1346749072|18
不同薄厚安全套各有功效|data/015不同薄厚安全套各有功效|0|0|1346749072|1346749072|18
超薄安全套不是每个男人都适用|data/016超薄安全套不是每个男人都适用|0|0|1346749072|1346749072|18
草莓、巧克力味的安全套不能用|data/017草莓、巧克力味的安全套不能用|0|0|1346749072|1346749072|18
女用避孕套有何优点?|data/018女用避孕套有何优点?|0|0|1346749072|1346749072|18
近六成人用错安全套|data/019近六成人用错安全套|0|0|1346749072|1346749072|18
科学使用避孕套16个细节|data/020科学使用避孕套16个细节|0|0|1346749072|1346749072|18
正确使用避孕套避孕4个方法|data/021正确使用避孕套避孕4个方法|0|0|1346749072|1346749072|18
使用安全套时细节不容忽视|data/022使用安全套时细节不容忽视|0|0|1346749072|1346749072|18
如何正确安全地使用套套?|data/023如何正确安全地使用套套?|0|0|1346749072|1346749072|18
男性避孕套的正确使用方法|data/024男性避孕套的正确使用方法|0|0|1346749072|1346749072|18
哪些方法会让安全套更安全?|data/025哪些方法会让安全套更安全?|0|0|1357704152|1357704152|18
避孕套破了怎么办?|data/026避孕套破了怎么办?|0|0|1346749072|1346749072|18
你知道避孕套的神奇妙用吗?|data/027你知道避孕套的神奇妙用吗?|0|0|1346749072|1346749072|18
如何选择最合适的避孕药?|data/010如何选择最合适的避孕药?|0|0|1346749072|1346749072|19
避孕药7个常见疑问|data/011避孕药7个常见疑问|0|0|1346749072|1346749072|19
十种情况不可服避孕药|data/012十种情况不可服避孕药|0|0|1346749072|1346749072|19
避孕药十大妙用与经痛说拜拜|data/012避孕药十大妙用与经痛说拜拜|0|0|1346749072|1346749072|19
外用避孕药的注意事项|data/013外用避孕药的注意事项|0|0|1346749072|1346749072|19
男性避孕药物有哪些?|data/014男性避孕药物有哪些?|0|0|1346749072|1346749072|19
女性吃紧急避孕药要注意什么?|data/015女性吃紧急避孕药要注意什么?|0|0|1346749072|1346749072|19
避孕药一个月最多不要超过几次?|data/016避孕药一个月最多不要超过几次?|0|0|1346749072|1346749072|19
吃避孕药5种常见不良反应及解决办法|data/017吃避孕药5种常见不良反应及解决办法|0|0|1346749072|1346749072|19
吃避孕药出现不良反应 小技巧缓解不适|data/018吃避孕药出现不良反应 小技巧缓解不适|0|0|1346749072|1346749072|19
吃避孕药会变胖吗？|data/019吃避孕药会变胖吗？|0|0|1346749072|1346749072|19
吃避孕药同时要补什么？|data/020吃避孕药同时要补什么？|0|0|1346749072|1346749072|19
给吃避孕药避孕的女性推荐的食谱|data/021给吃避孕药避孕的女性推荐的食谱|0|0|1346749072|1346749072|19
人流好还是药流好？|data/010人流好还是药流好？|0|0|1346749072|1346749072|20
如何判断该选择何种流产方式?|data/011如何判断该选择何种流产方式?|0|0|1346749072|1346749072|20
人流后女性常见健康问题 对症解决|data/012人流后女性常见健康问题 对症解决|0|0|1346749072|1346749072|20
无痛人流的最佳时间是什么时候?|data/013无痛人流的最佳时间是什么时候?|0|0|1346749072|1346749072|20
关于避孕的11个误区|data/010关于避孕的11个误区|0|0|1346749074|1346749074|21
产后生活可以不避孕吗？|data/012产后生活可以不避孕吗？|0|0|1357705106|1357705106|21
妇科专家提醒女性月经期也可能怀孕|data/013妇科专家提醒女性月经期也可能怀孕|0|0|1346749072|1346749072|21
愚蠢避孕可导致功能障碍|data/014愚蠢避孕可导致功能障碍|0|0|1357704264|1357704264|21
哪些避孕措施会影响性功能?|data/015哪些避孕措施会影响性功能?|0|0|1346749072|1346749072|21
体外释放带来的“后遗症”|data/016体外释放带来的“后遗症”|0|0|1358213613|1358213613|21
下身冲洗能够避孕和防性病吗？|data/017下身冲洗能够避孕和防性病吗？|0|0|1358214098|1358214098|21
妓女的起源|data/010妓女的起源|0|0|1346749073|1346749073|23
调查显示 全球男女希望每周欢乐三次|data/011调查显示 全球男女希望每周欢乐三次|0|0|1357704403|1357704403|23
人类安全套360年的演变|data/012人类安全套360年的演变|0|0|1346749072|1346749072|23
趣说床文化|data/012趣说床文化|0|0|1346749073|1346749073|23
古代人如何运用技巧?|data/013古代人如何运用技巧?|0|0|1357704445|1357704445|23
古代艺妓与色妓们的四种归宿|data/014古代艺妓与色妓们的四种归宿|0|0|1346749073|1346749073|23
古人的房事导引|data/015古人的房事导引|0|0|1357705023|1357705023|23
金瓶梅与明末清初的革命|data/016金瓶梅与明末清初的革命|0|0|1357704862|1357704862|23
武则天饱受性之累|data/017武则天饱受性之累|0|0|1346749073|1346749073|23
中国人必知的五个爱神|data/018中国人必知的五个爱神|0|0|1357704821|1357704821|23
历史上最不靠谱性爱风俗|data/019历史上最不靠谱性爱风俗|0|0|1346749073|1346749073|23
全球七大“爱都”幸福指数大PK|data/020全球七大“爱都”幸福指数大PK|0|0|1357704982|1357704982|23
欧洲人接吻大观|data/021欧洲人接吻大观|0|0|1346749073|1346749073|23
史上十大爱爱记录|data/022史上十大爱爱记录|0|0|1357704753|1357704753|23
印度的性文化|data/023印度的性文化|0|0|1346749073|1346749073|23
飘零的日本“艺伎”文化|data/024飘零的日本“艺伎”文化|0|0|1346749073|1346749073|23
强奸-日本传统文化|data/025强奸-日本传统文化|0|0|1357704840|1357704840|23
日本会阳节 男子街上裸奔|data/026日本会阳节 男子街上裸奔|0|0|1346749073|1346749073|23
日本色情文化的演变过程|data/027日本色情文化的演变过程|0|0|1346749073|1346749073|23
日本文化色情电影和韩国伦理片|data/028日本文化色情电影和韩国伦理片|0|0|1347446139|1347446139|23
日本文化中的“性”|data/029日本文化中的“性”|0|0|1346749073|1346749073|23
泰国风情与性|data/030泰国风情与性|0|0|1346749073|1346749073|23
土耳其的赔妻遮羞陋俗|data/031土耳其的赔妻遮羞陋俗|0|0|1346749073|1346749073|23
土耳其人浴室里面选新娘|data/032土耳其人浴室里面选新娘|0|0|1346749073|1346749073|23
爱爱前饮食需提前一小时|data/001爱爱前饮食需提前一小时|0|0|1357711419|1357711419|7
让你兴致盎然的食物|data/002让你兴致盎然的食物|0|0|1357711283|1357711283|7
巧克力是比接吻还激情的绝招|data/003巧克力是比接吻还激情的绝招|0|0|1346749072|1346749072|7
助性食物和败性食物大PK|data/004助性食物和败性食物大PK|0|0|1346749072|1346749072|7
吃对水果可以提升爱爱能力|data/005吃对水果可以提升爱爱能力|0|0|1357710741|1357710741|7
夫妻间最爱的七大助性食物|data/006夫妻间最爱的七大助性食物|0|0|1346749072|1346749072|7
合理饮食浇灌"性"福之花|data/007合理饮食浇灌"性"福之花|0|0|1346749072|1346749072|7
两性保健食谱（木瓜、荔枝、莲子）|data/008两性保健食谱（木瓜、荔枝、莲子）|0|0|1346749072|1346749072|7
这样吃火锅-女人滋阴 男人壮阳|data/009这样吃火锅-女人滋阴 男人壮阳|0|0|1346749072|1346749072|7
爱爱后吃点什么好?|data/020爱爱后吃点什么好?|0|0|1357711460|1357711460|7
爱爱后吃鸡蛋能让体力恢复更快|data/021爱爱后吃鸡蛋能让体力恢复更快|0|0|1357711399|1357711399|7
房事后口渴喝点什么益健康?|data/022房事后口渴喝点什么益健康?|0|0|1346749072|1346749072|7
枸杞为何被西方人大力追捧|data/040枸杞为何被西方人大力追捧|0|0|1357705305|1357705305|7
让男人有兴致的合理饮食|data/041让男人有兴致的合理饮食|0|0|1357711128|1357711128|7
提高男性能量的食物|data/042提高男性能量的食物|0|0|1357711368|1357711368|7
夏天提升男性能力的8种饮品|data/043夏天提升男性能力的8种饮品|0|0|1357711007|1357711007|7
鲜虾比壮阳药更壮阳|data/044鲜虾比壮阳药更壮阳|0|0|1346749072|1346749072|7
最廉价的“水果伟哥”|data/045最廉价的“水果伟哥”|0|0|1346749072|1346749072|7
几种对男性有好处的肉类|data/046几种对男性有好处的肉类|0|0|1357710865|1357710865|7
能增加小蝌蚪产量的水果|data/047能增加小蝌蚪产量的水果|0|0|1357710905|1357710905|7
吃得太油腻不利于男方活动|data/048吃得太油腻不利于男方活动|0|0|1357705573|1357705573|7
多吃姜可治功能障碍|data/049多吃姜可治功能障碍|0|0|1357710757|1357710757|7
烧烤成了“不举”的“主凶”|data/050烧烤成了“不举”的“主凶”|0|0|1346749072|1346749072|7
食物对性功能的利或害|data/051食物对性功能的利或害|0|0|1346749072|1346749072|7
房事过度如何进行饮食调养?|data/052房事过度如何进行饮食调养?|0|0|1346749072|1346749072|7
多吃茭白等寒性食品会败性|data/053多吃茭白等寒性食品会败性|0|0|1346749072|1346749072|7
甘草好但是不能使用过量|data/054甘草好但是不能使用过量|0|0|1346749072|1346749072|7
喝酒不如喝咖啡助性来的健康|data/055喝酒不如喝咖啡助性来的健康|0|0|1346749072|1346749072|7
哪些食物让你没了激情|data/056哪些食物让你没了激情|0|0|1357711084|1357711084|7
调理月经：羊肉滋补汤|data/060调理月经：羊肉滋补汤|0|0|1346749072|1346749072|7
10种食物让女人更积极的食物|data/06110种食物让女人更积极的食物|0|0|1357705517|1357705517|7
女人有性趣的食物|data/062女人有性趣的食物|0|0|1346749072|1346749072|7
适当饮红茶可提高兴奋度|data/062适当饮红茶可提高兴奋度|0|0|1357711358|1357711358|7
黄瓜等有助于激发女性|data/062黄瓜等有助于激发女性|0|0|1357710828|1357710828|7
女性爱爱后喝果汁有利健康|data/063女性爱爱后喝果汁有利健康|0|0|1357711060|1357711060|7
让上身更丰满的食物|data/064让上身更丰满的食物|0|0|1357711327|1357711327|7
夫妻生活前请先“洗手”|data/008夫妻生活前请先“洗手”|0|0|1357712012|1357712012|4
亲爱的，行房前请你先洗手|data/009亲爱的，行房前请你先洗手|0|0|1346749072|1346749072|4
爱爱前，哪些地方需要洗？|data/010爱爱前，哪些地方需要洗？|0|0|1357712992|1357712992|4
爱爱中的六大甜蜜伤害怎么办?|data/011爱爱中的六大甜蜜伤害怎么办?|0|0|1357713054|1357713054|4
打哈欠和伸懒腰对爱爱有好处|data/012打哈欠和伸懒腰对爱爱有好处|0|0|1357711678|1357711678|4
爱爱时抽筋我们如何应对?|data/013爱爱时抽筋我们如何应对?|0|0|1357713159|1357713159|4
出现痉挛无法出来怎么办|data/014出现痉挛无法出来怎么办|0|0|1357886698|1357886698|4
夫妻生活雷人危险Top8|data/015夫妻生活雷人危险Top8|0|0|1357713315|1357713315|4
常洗鸳鸯浴的三大危害|data/016常洗鸳鸯浴的三大危害|0|0|1346749072|1346749072|4
夫妻生活后出现身体酸痛如何处理?|data/017夫妻生活后出现身体酸痛如何处理?|0|0|1357711824|1357711824|4
夫妻生活后下体骚痒一定要重视|data/018夫妻生活后下体骚痒一定要重视|0|0|1357713071|1357713071|4
新婚夫妇不宜喝可乐|data/019新婚夫妇不宜喝可乐|0|0|1346749072|1346749072|4
新婚夫妻爱爱预防哪些疾病?|data/020新婚夫妻爱爱预防哪些疾病?|0|0|1357712982|1357712982|4
用口爱爱也可能带来疾病|data/021用口爱爱也可能带来疾病|0|0|1357712301|1357712301|4
有关两性疾病的预防|data/022有关两性疾病的预防|0|0|1357713367|1357713367|4
夫妻甜蜜过程中容易产生的5大伤害|data/023夫妻甜蜜过程中容易产生的5大伤害|0|0|1357712723|1357712723|4
确保无后顾之忧的6份保险(上)|data/024确保无后顾之忧的6份保险(上)|0|0|1357712855|1357712855|4
确保无后顾之忧的6份保险(下)|data/025确保无后顾之忧的6份保险(下)|0|0|1357712842|1357712842|4
夫妻生活后要及时“排空”|data/026夫妻生活后要及时“排空”|0|0|1346749072|1346749072|4
夫妻生活过后别用湿巾清洁|data/027夫妻生活过后别用湿巾清洁|0|0|1357713256|1357713256|4
脊柱穴位按摩可以激发兴致|data/028脊柱穴位按摩可以激发兴致|0|0|1357711883|1357711883|4
最有益健康的七种爱爱体位|data/029最有益健康的七种爱爱体位|0|0|1357713484|1357713484|4
让男女提高兴致的7项运动|data/030让男女提高兴致的7项运动|0|0|1357712882|1357712882|4
打高尔夫能助兴|data/010打高尔夫能助兴|0|0|1357713695|1357713695|5
常跷二郎腿会影响男性生殖健康|data/011常跷二郎腿会影响男性生殖健康|0|0|1346749072|1346749072|5
男人踮脚尖小便可益肾强精|data/012男人踮脚尖小便可益肾强精|0|0|1346749072|1346749072|5
男人喷头冲洗按摩可增强能力|data/013男人喷头冲洗按摩可增强能力|0|0|1357712657|1357712657|5
男人做好保护下身让它长久雄风的几种好习惯|data/014男人做好保护下身让它长久雄风的几种好习惯|0|0|1357712377|1357712377|5
趴着睡对性健康危害最大|data/015趴着睡对性健康危害最大|0|0|1346749072|1346749072|5
如何利用洗澡增强男人能力|data/016如何利用洗澡增强男人能力|0|0|1357712123|1357712123|5
锻炼男人能力的四种方法|data/017锻炼男人能力的四种方法|0|0|1358212226|1358212226|5
男人该怎么清洗自己私处?|data/018男人该怎么清洗自己私处?|0|0|1346749072|1346749072|5
男人做保健从睡觉开始做锻炼|data/019男人做保健从睡觉开始做锻炼|0|0|1357712410|1357712410|5
爱爱时怎么保护男方下身不在激烈的运动中受伤?|data/020爱爱时怎么保护男方下身不在激烈的运动中受伤?|0|0|1357713627|1357713627|5
男性患哪些疾病不宜爱爱?|data/021男性患哪些疾病不宜爱爱?|0|0|1357712534|1357712534|5
爱爱时出现血精，怎么办?|data/022爱爱时出现血精，怎么办?|0|0|1357713024|1357713024|5
男性约会时下身胀痛别担心|data/023男性约会时下身胀痛别担心|0|0|1357713415|1357713415|5
为何释放后肛门疼痛？|data/024为何释放后肛门疼痛？|0|0|1357712935|1357712935|5
最后释放时出现疼痛的原因|data/025最后释放时出现疼痛的原因|0|0|1357713574|1357713574|5
四招让"大姨妈"不再刁难你|data/010四招让"大姨妈"不再刁难你|0|0|1357887082|1357887082|6
八招预防女性更年期综合症|data/011八招预防女性更年期综合症|0|0|1346749072|1346749072|6
闭经的症状有哪些 早发现早治疗|data/012闭经的症状有哪些 早发现早治疗|0|0|1346749072|1346749072|6
缓解各种类型的痛经方法|data/013缓解各种类型的痛经方法|0|0|1346749072|1346749072|6
教你如何摆脱更年期四大症状|data/014教你如何摆脱更年期四大症状|0|0|1346749072|1346749072|6
女人保健10招推迟衰老的到来|data/015女人保健10招推迟衰老的到来|0|0|1346749072|1346749072|6
女人月经出现这些状况很可怕|data/016女人月经出现这些状况很可怕|0|0|1346749072|1346749072|6
女性该如何保护胸部防止衰老|data/017女性该如何保护胸部防止衰老|0|0|1357712580|1357712580|6
白领们是如何糟蹋他们的胸部的?|data/018白领们是如何糟蹋他们的胸部的?|0|0|1357711645|1357711645|6
女人该如何保护自己的胸部|data/019女人该如何保护自己的胸部|0|0|1357712471|1357712471|6
女性须知 夏季常吹空调容易痛经|data/020女性须知 夏季常吹空调容易痛经|0|0|1346749072|1346749072|6
瑜珈几个动作让你兴致大增|data/020瑜珈几个动作让你兴致大增|0|0|1357713397|1357713397|6
女性月经期间应该多吃什么少吃什么?|data/021女性月经期间应该多吃什么少吃什么?|0|0|1346749072|1346749072|6
如何确诊多囊卵巢综合症|data/022如何确诊多囊卵巢综合症|0|0|1346749072|1346749072|6
有些女人为什么痛经？|data/023有些女人为什么痛经？|0|0|1346749072|1346749072|6
治愈十大经期“怪病”小妙招|data/024治愈十大经期“怪病”小妙招|0|0|1346749072|1346749072|6
子宫特殊时期请暂停夫妻生活|data/025子宫特殊时期请暂停夫妻生活|0|0|1357713454|1357713454|6
女人保湿手册|data/026女人保湿手册|0|0|1357712498|1357712498|6
夏季适量剃毛可保女性卫生健康|data/027夏季适量剃毛可保女性卫生健康|0|0|1357712962|1357712962|6
爱爱时女方肚子疼痛的几大原因?|data/028爱爱时女方肚子疼痛的几大原因?|0|0|1357711619|1357711619|6
女性在夫妻生活的同时保护好你的下身|data/029女性在夫妻生活的同时保护好你的下身|0|0|1357713221|1357713221|6
十种常见的爱爱后出血原因|data/030十种常见的爱爱后出血原因|0|0|1357887070|1357887070|6
夫妻生活和谐的基本知识|data/010夫妻生活和谐的基本知识|0|0|1358147284|1358147284|8
夫妻爱爱的基本功|data/011夫妻爱爱的基本功|0|0|1358147567|1358147567|8
爱爱技巧的关键在于变化|data/012爱爱技巧的关键在于变化|0|0|1357735872|1357735872|8
打造你的独特爱爱风格|data/013打造你的独特爱爱风格|0|0|1357717742|1357717742|8
夫妻爱爱时间可以遵循2∶3∶2的原则(前戏、爱爱和后戏)|data/014夫妻爱爱时间可以遵循2∶3∶2的原则(前戏、爱爱和后戏)|0|0|1357719606|1357719606|8
夫妻生活缺一不可的三个阶段|data/015夫妻生活缺一不可的三个阶段|0|0|1357736441|1357736441|8
夫妻生活中的“七损八益”|data/016夫妻生活中的“七损八益”|0|0|1357736959|1357736959|8
夫妻生活中男人爱爱的七个要诀|data/017夫妻生活中男人爱爱的七个要诀|0|0|1357724918|1357724918|8
夫妻最甜蜜的7种嘿咻类型|data/018夫妻最甜蜜的7种嘿咻类型|0|0|1357724028|1357724028|8
九秘诀让你越来越性福|data/019九秘诀让你越来越性福|0|0|1357718385|1357718385|8
六个日常习惯可增强爱爱能力|data/020六个日常习惯可增强爱爱能力|0|0|1357724187|1357724187|8
女人们让丈夫兴起的方法|data/021女人们让丈夫兴起的方法|0|0|1358146969|1358146969|8
女人最爱的房事技巧男人需懂|data/022女人最爱的房事技巧男人需懂|0|0|1357726998|1357726998|8
全天7个时段的完美夫妻生活方案|data/023全天7个时段的完美夫妻生活方案|0|0|1357728531|1357728531|8
让女人尽性的4大花招|data/024让女人尽性的4大花招|0|0|1357729236|1357729236|8
这7招提高夫妻生活质量|data/025这7招提高夫妻生活质量|0|0|1357744639|1357744639|8
六绝招让你的女人性福|data/026六绝招让你的女人性福|0|0|1357887193|1357887193|8
牙膏可以让爱爱更加持久|data/027牙膏可以让爱爱更加持久|0|0|1357739002|1357739002|8
前戏是夫妻生活和谐的关键|data/001前戏是夫妻生活和谐的关键|0|0|1357727694|1357727694|9
四个时刻前戏可以省掉前奏|data/002四个时刻前戏可以省掉前奏|0|0|1357887387|1357887387|9
爱爱前奏 浪漫亲吻训练班|data/023爱爱前奏 浪漫亲吻训练班|0|0|1357785940|1357785940|9
非常危险的前戏盘点|data/024非常危险的前戏盘点|0|0|1357718798|1357718798|9
前戏时你的手应该放哪里?|data/025前戏时你的手应该放哪里?|0|0|1346749071|1346749071|9
让妻子充满渴望的几分钟前戏|data/026让妻子充满渴望的几分钟前戏|0|0|1358146918|1358146918|9
专家：女性前戏至少要15分钟|data/027专家：女性前戏至少要15分钟|0|0|1346749073|1346749073|9
最好的前戏 教男人为伴侣按摩|data/028最好的前戏 教男人为伴侣按摩|0|0|1357785322|1357785322|9
六招成就完美前戏|data/029六招成就完美前戏|0|0|1357887318|1357887318|9
五招快速启动她的兴致|data/030五招快速启动她的兴致|0|0|1357887333|1357887333|9
困惑！前戏不是越久越好？|data/031困惑！前戏不是越久越好？|0|0|1357723880|1357723880|9
判断前戏效果的四窍门|data/032判断前戏效果的四窍门|0|0|1357813852|1357813852|9
不可忽略的爱爱后戏|data/010不可忽略的爱爱后戏|0|0|1357716703|1357716703|10
爱爱后不可马马虎虎结束|data/011爱爱后不可马马虎虎结束|0|0|1357735029|1357735029|10
爱爱后丈夫怎样做后戏?|data/012爱爱后丈夫怎样做后戏?|0|0|1357735484|1357735484|10
让你完事后情意延续的四密招|data/013让你完事后情意延续的四密招|0|0|1357729108|1357729108|10
初吻必读|data/010初吻必读|0|0|1346749071|1346749071|11
接吻第一课-基本步骤|data/011接吻第一课-基本步骤|0|0|1346749071|1346749071|11
接吻第一课-注意事项|data/012接吻第一课-注意事项|0|0|1346749071|1346749071|11
接吻的科学|data/013接吻的科学|0|0|1346749071|1346749071|11
接吻的三个层次|data/014接吻的三个层次|0|0|1346749071|1346749071|11
接吻必须注意的的五个问题|data/015接吻必须注意的的五个问题|0|0|1346749071|1346749071|11
女孩初吻必读：睁眼接吻是最大禁忌|data/016女孩初吻必读：睁眼接吻是最大禁忌|0|0|1346749071|1346749071|11
让你一吻定情的方法|data/017让你一吻定情的方法|0|0|1346749071|1346749071|11
Kiss另类篇|data/018Kiss另类篇|0|0|1346749071|1346749071|11
七种浪漫的吻技|data/018七种浪漫的吻技|0|0|1357887570|1357887570|11
接吻-不同部位不同的感觉|data/018接吻-不同部位不同的感觉|0|0|1346749071|1346749071|11
浑身触电的绝妙“吻技”|data/019浑身触电的绝妙“吻技”|0|0|1346749071|1346749071|11
亲吻恋人吻落何处最高明?|data/020亲吻恋人吻落何处最高明?|0|0|1357728037|1357728037|11
三种最佳口型的接吻解析|data/021三种最佳口型的接吻解析|0|0|1346749071|1346749071|11
完美接吻需要这样的技巧|data/022完美接吻需要这样的技巧|0|0|1357735996|1357735996|11
怎样接吻才是最享受的?|data/022怎样接吻才是最享受的?|0|0|1346749071|1346749071|11
真空式接吻的方法|data/023真空式接吻的方法|0|0|1346749071|1346749071|11
让丈夫很激动的10个女性接吻技巧|data/024让丈夫很激动的10个女性接吻技巧|0|0|1346749071|1346749071|11
适合女人学的8种接吻花样|data/025适合女人学的8种接吻花样|0|0|1358147029|1358147029|11
让女人失望到极点的接吻技巧|data/026让女人失望到极点的接吻技巧|0|0|1346749071|1346749071|11
中国女性最反感的四种接吻方式|data/027中国女性最反感的四种接吻方式|0|0|1357784987|1357784987|11
男女各种拥抱方式|data/007男女各种拥抱方式|0|0|1346749072|1346749072|12
二十六个Tips让婚姻性感起来|data/008二十六个Tips让婚姻性感起来|0|0|1346749073|1346749073|12
八个调情小游戏|data/009八个调情小游戏|0|0|1357887862|1357887862|12
夫妻必会的3个情趣游戏|data/011夫妻必会的3个情趣游戏|0|0|1357718836|1357718836|12
夫妻间隔靴搔痒式调情|data/012夫妻间隔靴搔痒式调情|0|0|1357720995|1357720995|12
夫妻聊什么最助兴：多夸赞少抱怨|data/013夫妻聊什么最助兴：多夸赞少抱怨|0|0|1357717586|1357717586|12
激发激情的十二招调情法|data/014激发激情的十二招调情法|0|0|1357723301|1357723301|12
看电影学12种调情技巧|data/015看电影学12种调情技巧|0|0|1346749071|1346749071|12
模范夫妻推荐几款情趣游戏|data/016模范夫妻推荐几款情趣游戏|0|0|1357724242|1357724242|12
男女管用的暗示技巧|data/017男女管用的暗示技巧|0|0|1358212266|1358212266|12
女人8个细节最具诱惑：穿红衣 轻触锁骨|data/018女人8个细节最具诱惑：穿红衣 轻触锁骨|0|0|1346749071|1346749071|12
女人该学的8个调情小技巧|data/019女人该学的8个调情小技巧|0|0|1357724738|1357724738|12
女人十大经典性感动作|data/020女人十大经典性感动作|0|0|1357726433|1357726433|12
女人挑起丈夫兴趣的暗示技巧|data/021女人挑起丈夫兴趣的暗示技巧|0|0|1357726509|1357726509|12
妻子吸引人的10个去衣姿势|data/022妻子吸引人的10个去衣姿势|0|0|1358212372|1358212372|12
善穿内裤 提升夫妻生活情趣|data/023善穿内裤 提升夫妻生活情趣|0|0|1346749071|1346749071|12
如何穿内裤来激发丈夫|data/024如何穿内裤来激发丈夫|0|0|1357717853|1357717853|12
增加情趣的十招|data/025增加情趣的十招|0|0|1357810838|1357810838|12
五个调情方法把爱欲勾起来|data/026五个调情方法把爱欲勾起来|0|0|1357733904|1357733904|12
三十六个夫妻另类前戏小技巧|data/027三十六个夫妻另类前戏小技巧|0|0|1357715661|1357715661|12
给妻子除衣的技巧|data/028给妻子除衣的技巧|0|0|1358212425|1358212425|12
妻子渴望被抚摸的部位|data/029妻子渴望被抚摸的部位|0|0|1357813644|1357813644|12
巧用镜子令爱爱更狂野|data/030巧用镜子令爱爱更狂野|0|0|1357727966|1357727966|12
让夫妻生活始终保持激情的情趣小游戏|data/031让夫妻生活始终保持激情的情趣小游戏|0|0|1357729825|1357729825|12
让男人拜倒在石榴裙底下的9个性感动作|data/032让男人拜倒在石榴裙底下的9个性感动作|0|0|1357728605|1357728605|12
家中爱爱地点排行TOP5|data/033家中爱爱地点排行TOP5|0|0|1357718065|1357718065|12
夫妻7种室外场地需要注意的事项|data/034夫妻7种室外场地需要注意的事项|0|0|1357715401|1357715401|12
不可思议的八大夫妻爱爱地点|data/035不可思议的八大夫妻爱爱地点|0|0|1357716803|1357716803|12
女性最爱的4大欢乐场所|data/036女性最爱的4大欢乐场所|0|0|1358212457|1358212457|12
室外夫妻生活要注意的问题|data/037室外夫妻生活要注意的问题|0|0|1357718934|1357718934|12
夫妻外出旅游如何享受激情|data/038夫妻外出旅游如何享受激情|0|0|1357728271|1357728271|12
小汽车内的夫妻生活技巧|data/039小汽车内的夫妻生活技巧|0|0|1357717436|1357717436|12
在私家车内进行夫妻生活的技巧|data/040在私家车内进行夫妻生活的技巧|0|0|1357743804|1357743804|12
按摩可以增强男人能力|data/041按摩可以增强男人能力|0|0|1357813485|1357813485|12
精油按摩法挑起兴致|data/042精油按摩法挑起兴致|0|0|1358147130|1358147130|12
伟哥使用说明|data/043伟哥使用说明|0|0|1346749072|1346749072|12
“爱爱”中的12个要注意的事|data/010“爱爱”中的12个要注意的事|0|0|1346749073|1346749073|13
爱爱需躲开的黑色时间|data/011爱爱需躲开的黑色时间|0|0|1357738397|1357738397|13
房事前后洗澡有讲究|data/012房事前后洗澡有讲究|0|0|1357718001|1357718001|13
耳朵也是女人的敏感区|data/013耳朵也是女人的敏感区|0|0|1346749071|1346749071|13
夫妻生活过度易引起疾病|data/014夫妻生活过度易引起疾病|0|0|1357719288|1357719288|13
夫妻生活过后应暂缓驾车|data/015夫妻生活过后应暂缓驾车|0|0|1357737734|1357737734|13
夫妻生活可能遇到的几个意外|data/016夫妻生活可能遇到的几个意外|0|0|1357721855|1357721855|13
夫妻生活前后如何注意卫生问题?|data/017夫妻生活前后如何注意卫生问题?|0|0|1357785623|1357785623|13
夫妻生活要有点“留白”|data/018夫妻生活要有点“留白”|0|0|1357736762|1357736762|13
“婚睡”对恢复精力很重要|data/019“婚睡”对恢复精力很重要|0|0|1346749073|1346749073|13
经期行房会有何后果?|data/019经期行房会有何后果?|0|0|1346749074|1346749074|13
女人感觉来时的4个小动作|data/020女人感觉来时的4个小动作|0|0|1357726549|1357726549|13
专家：爱爱时间顺其自然好|data/021专家：爱爱时间顺其自然好|0|0|1357785139|1357785139|13
13个鲜为人知的爱爱秘事|data/02213个鲜为人知的爱爱秘事|0|0|1357715470|1357715470|13
六种常见男女性误区或致恶果|data/010六种常见男女性误区或致恶果|0|0|1357724202|1357724202|14
哪些性观念是被混淆的?|data/011哪些性观念是被混淆的?|0|0|1346749074|1346749074|14
解密男女10大误区|data/012解密男女10大误区|0|0|1357718246|1357718246|14
男女切记七个时间不宜行房事|data/013男女切记七个时间不宜行房事|0|0|1346749073|1346749073|14
哪些情况下不宜过夫妻生活？|data/014哪些情况下不宜过夫妻生活？|0|0|1357724313|1357724313|14
经期同房可导致不孕|data/015经期同房可导致不孕|0|0|1346749074|1346749074|14
身体疲乏不宜过夫妻生活|data/016身体疲乏不宜过夫妻生活|0|0|1357730393|1357730393|14
水中过夫妻生活小心|data/017水中过夫妻生活小心|0|0|1357731280|1357731280|14
男人有7大性误区 妻子必须了解|data/018男人有7大性误区 妻子必须了解|0|0|1357725096|1357725096|14
男人二次高潮易损害性功能吗?|data/019男人二次高潮易损害性功能吗?|0|0|1346749074|1346749074|14
男性第一次夫妻生活中的常见尴尬|data/020男性第一次夫妻生活中的常见尴尬|0|0|1357725393|1357725393|14
用错安全套可成“性无能”|data/021用错安全套可成“性无能”|0|0|1346749073|1346749073|14
长期服用伟哥会严重伤精|data/022长期服用伟哥会严重伤精|0|0|1346749074|1346749074|14
中国男性的误区排行榜TOP10|data/023中国男性的误区排行榜TOP10|0|0|1357784949|1357784949|14
女人对男人爱爱行动大投诉|data/023女人对男人爱爱行动大投诉|0|0|1357726110|1357726110|14
爱爱时别过分压迫女性胸部|data/023爱爱时别过分压迫女性胸部|0|0|1357786042|1357786042|14
爱爱时男性最没礼貌的几种表现|data/023爱爱时男性最没礼貌的几种表现|0|0|1357736670|1357736670|14
自慰虽好但不可纵欲|data/024自慰虽好但不可纵欲|0|0|1357785229|1357785229|14
爱爱后喝冷饮会会致命吗?|data/025爱爱后喝冷饮会会致命吗?|0|0|1357737419|1357737419|14
爱爱后需要避冷|data/026爱爱后需要避冷|0|0|1357737931|1357737931|14
爱爱时的禁忌|data/027爱爱时的禁忌|0|0|1357737101|1357737101|14
夫妻生活导致无高潮的误区|data/028夫妻生活导致无高潮的误区|0|0|1357738138|1357738138|14
夫妻生活结束后千万不能做的4件事|data/029夫妻生活结束后千万不能做的4件事|0|0|1357735592|1357735592|14
夫妻生活远离10种误区!|data/030夫妻生活远离10种误区!|0|0|1357742759|1357742759|14
两种有害的爱爱行为|data/031两种有害的爱爱行为|0|0|1357724117|1357724117|14
五处地雷不容踩进|data/032五处地雷不容踩进|0|0|1357731592|1357731592|14
这六大好事你最好别做|data/033这六大好事你最好别做|0|0|1357783845|1357783845|14
这些性误区你知道多少?|data/034这些性误区你知道多少?|0|0|1357744792|1357744792|14
这样爱爱易患病|data/035这样爱爱易患病|0|0|1357745009|1357745009|14
户外夫妻生活有哪些误区?|data/036户外夫妻生活有哪些误区?|0|0|1357739114|1357739114|14
爱爱用具的四大使用误区|data/037爱爱用具的四大使用误区|0|0|1357738760|1357738760|14
行房前请先关手机|data/038行房前请先关手机|0|0|1357785686|1357785686|14
性欲丧失的七个信号！|data/039性欲丧失的七个信号！|0|0|1346749073|1346749073|14
远离成人电影里的爱爱误区|data/040远离成人电影里的爱爱误区|0|0|1357743254|1357743254|14
女人常犯的5个“性误区”|data/041女人常犯的5个“性误区”|0|0|1357725473|1357725473|14
女人常见的性观念误区|data/042女人常见的性观念误区|0|0|1357725549|1357725549|14
女人要知道的四大性误区|data/043女人要知道的四大性误区|0|0|1357726621|1357726621|14
误区：我用夫妻生活减肥|data/044误区：我用夫妻生活减肥|0|0|1357738724|1357738724|14
夫妻生活时间越长越好吗?|data/009夫妻生活时间越长越好吗?|0|0|1357719209|1357719209|15
还没开始就累了为什么?|data/010还没开始就累了为什么?|0|0|1357721971|1357721971|15
男快女慢怎样做到同步|data/011男快女慢怎样做到同步|0|0|1357724420|1357724420|15
男人爱爱后如何恢复精力|data/012男人爱爱后如何恢复精力|0|0|1357725055|1357725055|15
怎样的夫妻生活让夫妻更健康?|data/013怎样的夫妻生活让夫妻更健康?|0|0|1357744217|1357744217|15
夫妻生活后倒头就睡反而会更累?|data/014夫妻生活后倒头就睡反而会更累?|0|0|1357719077|1357719077|15
爱爱过度有哪些感觉?|data/015爱爱过度有哪些感觉?|0|0|1357737662|1357737662|15
爱爱后大汗淋漓是肾虚表现吗?|data/016爱爱后大汗淋漓是肾虚表现吗?|0|0|1357735194|1357735194|15
早晨爱爱后为何休息半小时?|data/017早晨爱爱后为何休息半小时?|0|0|1357743990|1357743990|15
夫妻生活后隔多久排尿最及时?|data/018夫妻生活后隔多久排尿最及时?|0|0|1357735259|1357735259|15
怎样的成人片才能让女生兴致盎然|data/019怎样的成人片才能让女生兴致盎然|0|0|1357744087|1357744087|15
成人片中该学和不该学的镜头|data/020成人片中该学和不该学的镜头|0|0|1357715775|1357715775|15
女人如何回应男人的抚慰?|data/021女人如何回应男人的抚慰?|0|0|1357726360|1357726360|15
妻子该如何巧妙拒绝他的性要求?|data/022妻子该如何巧妙拒绝他的性要求?|0|0|1357727282|1357727282|15
妻子孕期男人怎么办?|data/023妻子孕期男人怎么办?|0|0|1346749073|1346749073|15
流产多久能正常性生活?|data/024流产多久能正常性生活?|0|0|1346749073|1346749073|15
如何缓解男人性心理压力?|data/025如何缓解男人性心理压力?|0|0|1346749073|1346749073|15
性生活与失眠的紧密关系|data/026性生活与失眠的紧密关系|0|0|1346749073|1346749073|15
洞房预习课：处理好男女性生理的差异|data/010洞房预习课：处理好男女性生理的差异|0|0|1346749074|1346749074|1
洞房预习课：女性应正确认识男性的性行为|data/011洞房预习课：女性应正确认识男性的性行为|0|0|1346749074|1346749074|1
洞房预习课：走出对手淫的看法的误区|data/011洞房预习课：走出对手淫的看法的误区|0|0|1346749074|1346749074|1
洞房预习课：走出对性冷淡认识的误区|data/012洞房预习课：走出对性冷淡认识的误区|0|0|1346749074|1346749074|1
洞房预习课：走出性观念的误区|data/013洞房预习课：走出性观念的误区|0|0|1346749074|1346749074|1
洞房预习课：走出对遗精、月经认识上的误区|data/014洞房预习课：走出对遗精、月经认识上的误区|0|0|1346749074|1346749074|1
洞房预习课：走出夫妻生活认识上的误区|data/015洞房预习课：走出夫妻生活认识上的误区|0|0|1357786456|1357786456|1
揭秘男性正常的生理数据|data/010揭秘男性正常的生理数据|0|0|1357786773|1357786773|2
关于男性生理的一些常识|data/011关于男性生理的一些常识|0|0|1346749073|1346749073|2
附睾管的长度与生理功能|data/012附睾管的长度与生理功能|0|0|1346749073|1346749073|2
附睾是男性生育的“掌舵者”|data/013附睾是男性生育的“掌舵者”|0|0|1346749073|1346749073|2
附睾长什么样，长在哪里?|data/014附睾长什么样，长在哪里?|0|0|1346749073|1346749073|2
睾丸产生精子的过程|data/015睾丸产生精子的过程|0|0|1346749073|1346749073|2
必学：男人养精十招|data/016必学：男人养精十招|0|0|1357786271|1357786271|2
睾丸小会影响生育能力吗?|data/017睾丸小会影响生育能力吗?|0|0|1346749073|1346749073|2
“小弟弟”越大越好？够硬就行！|data/018“小弟弟”越大越好？够硬就行！|0|0|1346749073|1346749073|2
精囊腺的主要作用|data/019精囊腺的主要作用|0|0|1346749073|1346749073|2
精子的结构和功能|data/020精子的结构和功能|0|0|1346749073|1346749073|2
男人精液你了解多少?|data/021男人精液你了解多少?|0|0|1357787174|1357787174|2
男人一次排精消耗了多少精力?|data/022男人一次排精消耗了多少精力?|0|0|1357787388|1357787388|2
男人一生精液有多少?|data/023男人一生精液有多少?|0|0|1357788755|1357788755|2
男人真的会精尽而亡吗?|data/024男人真的会精尽而亡吗?|0|0|1357789633|1357789633|2
男人正常的精液是什么样子?|data/025男人正常的精液是什么样子?|0|0|1357789730|1357789730|2
男性阴囊生理解析|data/026男性阴囊生理解析|0|0|1357790856|1357790856|2
尿和精液会不会同时排出来？|data/027尿和精液会不会同时排出来？|0|0|1357791139|1357791139|2
小便尿得远代表能力强？|data/028小便尿得远代表能力强？|0|0|1357799968|1357799968|2
男性私处之谜|data/029男性私处之谜|0|0|1357805305|1357805305|2
男人“私处”的十五个小秘密|data/030男人“私处”的十五个小秘密|0|0|1346749073|1346749073|2
六大指标全面衡量你是否够爷们|data/031六大指标全面衡量你是否够爷们|0|0|1346749073|1346749073|2
男人裆部为何特别脆弱?|data/032男人裆部为何特别脆弱?|0|0|1346749073|1346749073|2
男人的完美长度是多少？|data/033男人的完美长度是多少？|0|0|1357789532|1357789532|2
男人短小对女性快感有影响吗?|data/034男人短小对女性快感有影响吗?|0|0|1357805692|1357805692|2
男人那里在衰老的三大表现|data/035男人那里在衰老的三大表现|0|0|1357805928|1357805928|2
男人多长时间遗精一次才算正常?|data/036男人多长时间遗精一次才算正常?|0|0|1357787071|1357787071|2
男人的性欲起落周期|data/037男人的性欲起落周期|0|0|1357789040|1357789040|2
男性也有生理周期|data/038男性也有生理周期|0|0|1346749073|1346749073|2
男性敏感点可随年龄发生变化|data/038男性敏感点可随年龄发生变化|0|0|1357812469|1357812469|2
男人一生的5个性欲阶段|data/039男人一生的5个性欲阶段|0|0|1357788827|1357788827|2
男子从何时开始性衰老?|data/039男子从何时开始性衰老?|0|0|1357791095|1357791095|2
男人为何早晨易生机勃勃|data/040男人为何早晨易生机勃勃|0|0|1357806369|1357806369|2
夜间勃起反应男人真实能力|data/041夜间勃起反应男人真实能力|0|0|1357801412|1357801412|2
男性下体必知的五大生理点|data/042男性下体必知的五大生理点|0|0|1357790402|1357790402|2
十指连性：手指长度与男人能力直接相关|data/043十指连性：手指长度与男人能力直接相关|0|0|1357799063|1357799063|2
男性生理的长短与硬软|data/044男性生理的长短与硬软|0|0|1357806647|1357806647|2
男性的外生殖器官解析|data/045男性的外生殖器官解析|0|0|1346749073|1346749073|2
男生殖系统各部分功能|data/046男生殖系统各部分功能|0|0|1357790091|1357790091|2
男性坚强程度的自我判断|data/047男性坚强程度的自我判断|0|0|1357804955|1357804955|2
如何科学测量男性的长度?|data/048如何科学测量男性的长度?|0|0|1357798342|1357798342|2
谈谈你不知道的排精知识|data/049谈谈你不知道的排精知识|0|0|1357799730|1357799730|2
男人体味是从什么秘处发出的?|data/050男人体味是从什么秘处发出的?|0|0|1346749073|1346749073|2
为什么有的女子会发生闭经?|data/008为什么有的女子会发生闭经?|0|0|1346749073|1346749073|3
教你认识月经|data/009教你认识月经|0|0|1346749073|1346749073|3
月经周期的奥秘|data/010月经周期的奥秘|0|0|1346749073|1346749073|3
女人对性的基本需求类型|data/011女人对性的基本需求类型|0|0|1357792307|1357792307|3
女人私处的8个秘密|data/012女人私处的8个秘密|0|0|1357793536|1357793536|3
女人私处的毛发到底有什么用?|data/013女人私处的毛发到底有什么用?|0|0|1346749073|1346749073|3
女人私处的生理参数|data/014女人私处的生理参数|0|0|1357792547|1357792547|3
女人一生的4个高峰期|data/015女人一生的4个高峰期|0|0|1358211879|1358211879|3
女生在那个年龄段胸部丰满度最佳？|data/016女生在那个年龄段胸部丰满度最佳？|0|0|1357797682|1357797682|3
女性处女膜到底在哪里？|data/017女性处女膜到底在哪里？|0|0|1357797821|1357797821|3
女人20 30 40之爱爱频率|data/018女人20 30 40之爱爱频率|0|0|1357792215|1357792215|3
夫妻生活时女人的生理变化解析|data/019夫妻生活时女人的生理变化解析|0|0|1357801020|1357801020|3
爱爱时呻吟是生理反应吗?|data/020爱爱时呻吟是生理反应吗?|0|0|1357800053|1357800053|3
女人兴奋时的生理变化|data/021女人兴奋时的生理变化|0|0|1357801269|1357801269|3
女人高潮有哪些生理反应?|data/022女人高潮有哪些生理反应?|0|0|1347445447|1347445447|3
女性在高潮时六种表现|data/023女性在高潮时六种表现|0|0|1357809700|1357809700|3
女人高潮征兆-性红晕|data/024女人高潮征兆-性红晕|0|0|1357800548|1357800548|3
关于女性高潮的5个事实|data/025关于女性高潮的5个事实|0|0|1357786728|1357786728|3
处女膜能说明些什么?|data/026处女膜能说明些什么?|0|0|1346749073|1346749073|3
告诉你真实的处女膜|data/027告诉你真实的处女膜|0|0|1346749073|1346749073|3
如何得知处女膜是否破裂?|data/028如何得知处女膜是否破裂?|0|0|1357798034|1357798034|3
女人哪个部位最敏感?|data/030女人哪个部位最敏感?|0|0|1357792807|1357792807|3
女性器官标准数据|data/031女性器官标准数据|0|0|1357809569|1357809569|3
夫妻生活时胸部为何会硬?|data/032夫妻生活时胸部为何会硬?|0|0|1357801125|1357801125|3
乳房的内部结构|data/033乳房的内部结构|0|0|1346749073|1346749073|3
乳房与兴致的因果联系|data/034乳房与兴致的因果联系|0|0|1358211998|1358211998|3
女性乳房的生理反应|data/035女性乳房的生理反应|0|0|1358211926|1358211926|3
关于阴道前庭|data/036关于阴道前庭|0|0|1346749073|1346749073|3
女性的卵巢有什么用?|data/037女性的卵巢有什么用?|0|0|1346749073|1346749073|3
A点、F区、R区、G点、U点|data/038A点、F区、R区、G点、U点|0|0|1357786295|1357786295|3
女性私处的结构及生理特点|data/039女性私处的结构及生理特点|0|0|1357803412|1357803412|3
女性私处的小秘密|data/040女性私处的小秘密|0|0|1357809779|1357809779|3
女性私处里面是怎么样的?|data/041女性私处里面是怎么样的?|0|0|1357803851|1357803851|3
女性私处毛发的特征|data/042女性私处毛发的特征|0|0|1357809546|1357809546|3
女性私处在反应周期中的变化|data/043女性私处在反应周期中的变化|0|0|1357804510|1357804510|3
女性阴道标准尺寸是多少?|data/044女性阴道标准尺寸是多少?|0|0|1346749073|1346749073|3
什么是“石女”?|data/045什么是“石女”?|0|0|1357798732|1357798732|3
生理常识-小阴唇是什么?|data/046生理常识-小阴唇是什么?|0|0|1357798900|1357798900|3
细说女性外阴|data/047细说女性外阴|0|0|1346749073|1346749073|3
阴唇乌黑的原因|data/048阴唇乌黑的原因|0|0|1346749073|1346749073|3
阴唇在性反应中的不同变化|data/049阴唇在性反应中的不同变化|0|0|1357803249|1357803249|3
私处毛发与性欲有无关系|data/050私处毛发与性欲有无关系|0|0|1357807234|1357807234|3
生理反应的标志-爱液|data/051生理反应的标志-爱液|0|0|1358211957|1358211957|3
阴蒂的作用|data/052阴蒂的作用|0|0|1357800875|1357800875|3
引起女人排精的G点|data/053引起女人排精的G点|0|0|1357799899|1357799899|3
最佳受孕方法TOP10|data/011最佳受孕方法TOP10|0|0|1357877329|1357877329|22
节欲一天 最易受孕|data/012节欲一天 最易受孕|0|0|1357878903|1357878903|22
快速怀孕的中医方法|data/013快速怀孕的中医方法|0|0|1357878458|1357878458|22
最佳的受孕季节|data/014最佳的受孕季节|0|0|1357876457|1357876457|22
哪天才是最佳受孕时间？|data/015哪天才是最佳受孕时间？|0|0|1357877386|1357877386|22
夏末秋初是受孕的最佳季节|data/016夏末秋初是受孕的最佳季节|0|0|1357876559|1357876559|22
在不同季节受孕注意事项|data/017在不同季节受孕注意事项|0|0|1357876643|1357876643|22
下午行房增加受孕机会|data/018下午行房增加受孕机会|0|0|1357880331|1357880331|22
爸爸们的最佳受孕年龄|data/019爸爸们的最佳受孕年龄|0|0|1357877108|1357877108|22
男女受孕年龄的最佳组合|data/020男女受孕年龄的最佳组合|0|0|1357876958|1357876958|22
女性莫错过最佳怀孕年龄|data/021女性莫错过最佳怀孕年龄|0|0|1357877015|1357877015|22
女人最易受孕的爱爱频率|data/022女人最易受孕的爱爱频率|0|0|1357877624|1357877624|22
夫妻百分之百怀孕的体位|data/023夫妻百分之百怀孕的体位|0|0|1358214498|1358214498|22
如何提高受孕几率|data/024如何提高受孕几率|0|0|1357877908|1357877908|22
五种人工助孕方法|data/025五种人工助孕方法|0|0|1357880309|1357880309|22
子宫后倾的女性如何增加受孕机会|data/026子宫后倾的女性如何增加受孕机会|0|0|1358214268|1358214268|22
孕前补充营养六条建议|data/030孕前补充营养六条建议|0|0|1357875499|1357875499|22
备孕期绝不能喝的乳制品|data/031备孕期绝不能喝的乳制品|0|0|1357875325|1357875325|22
哪些食物可增强生育能力？|data/032哪些食物可增强生育能力？|0|0|1357874847|1357874847|22
女性小心吃出不孕症|data/033女性小心吃出不孕症|0|0|1357875903|1357875903|22
叶酸对胎儿和孕妇的重要性|data/034叶酸对胎儿和孕妇的重要性|0|0|1357875538|1357875538|22
生女孩的饮食秘诀：孕前蔬果餐|data/035生女孩的饮食秘诀：孕前蔬果餐|0|0|1357875791|1357875791|22
未来准爸爸的健康饮食|data/036未来准爸爸的健康饮食|0|0|1357875683|1357875683|22
老公孕前要补充哪些营养？|data/037老公孕前要补充哪些营养？|0|0|1357875525|1357875525|22
同房后多少天受孕|data/040同房后多少天受孕|0|0|1357877794|1357877794|22
怀孕测试方法有哪几种？|data/041怀孕测试方法有哪几种？|0|0|1357879321|1357879321|22
计算排卵期的三种方法|data/042计算排卵期的三种方法|0|0|1357878361|1357878361|22
月经|data/010月经|0|0|1346749073|1346749073|24
遗精|data/011遗精|0|0|1346749073|1346749073|24
精子|data/012精子|0|0|1346749073|1346749073|24
男性不应期|data/013男性不应期|0|0|1346749073|1346749073|24
性爱生理期|data/014性爱生理期|0|0|1346749073|1346749073|24
性衰老|data/015性衰老|0|0|1346749073|1346749073|24
忍精|data/016忍精|0|0|1346749073|1346749073|24
射精|data/017射精|0|0|1346749073|1346749073|24
包皮|data/018包皮|0|0|1346749073|1346749073|24
性冲动|data/019性冲动|0|0|1346749073|1346749073|24
性对抗|data/020性对抗|0|0|1346749073|1346749073|24
性幻想|data/023性幻想|0|0|1346749073|1346749073|24
性饥饿|data/024性饥饿|0|0|1346749073|1346749073|24
性嫉妒|data/025性嫉妒|0|0|1346749073|1346749073|24
G点|data/026G点|0|0|1346749073|1346749073|24
爱液|data/027爱液|0|0|1346749073|1346749073|24
阴道隔膜|data/028阴道隔膜|0|0|1346749073|1346749073|24
阴吹|data/029阴吹|0|0|1346749073|1346749073|24
更年期|data/030更年期|0|0|1346749073|1346749073|24
荷尔蒙|data/031荷尔蒙|0|0|1346749073|1346749073|24
性欲|data/032性欲|0|0|1346749073|1346749073|24
性阈|data/033性阈|0|0|1346749073|1346749073|24
纵欲|data/034纵欲|0|0|1346749073|1346749073|24
性压抑|data/035性压抑|0|0|1346749073|1346749073|24
性梦|data/036性梦|0|0|1346749073|1346749073|24
梦交|data/037梦交|0|0|1346749073|1346749073|24
自慰|data/038自慰|0|0|1346749073|1346749073|24
蜜月病|data/039蜜月病|0|0|1346749073|1346749073|24
性虐待|data/040性虐待|0|0|1346749073|1346749073|24
性偏好|data/041性偏好|0|0|1346749073|1346749073|24
性取向|data/042性取向|0|0|1346749073|1346749073|24
性生活时差|data/043性生活时差|0|0|1346749073|1346749073|24
性同步|data/044性同步|0|0|1346749073|1346749073|24
性吸引|data/045性吸引|0|0|1346749073|1346749073|24
性显象|data/046性显象|0|0|1346749073|1346749073|24
